[
  {
    "treino": "TREINO A",
    "exercicios": [
      {
        "nome": "Alongamentos membros inferiores",
        "series": "1x30",
        "instrucoes": ""
      },
      {
        "nome": "Stiff",
        "series": "3x15",
        "instrucoes": "carga moderada. Alongue o m\u00e1ximo poss\u00edvel. Pode fazer em cima de um step. Sem intervalo entre as series. Terminou uma perna j\u00e1 come\u00e7a outra."
      },
      {
        "nome": "Abdutora 45",
        "series": "",
        "instrucoes": "30s intervalo entre as s\u00e9ries e isometria de 2s no pico"
      }
    ]
  },
  {
    "treino": "TREINO B",
    "exercicios": [
      {
        "nome": "Alongamentos",
        "series": "1x30seg",
        "instrucoes": ""
      },
      {
        "nome": "Abdominal prancha isom\u00e9trica",
        "series": "5x60seg",
        "instrucoes": "Isometria"
      }
    ]
  }
]